variant,epochs,accuracy_mean,accuracy_std,macro_f1_mean,macro_f1_std
full,15,0.8070164545172307,0.005777441024671385,0.803810927503194,0.006038856797700101
full,30,0.8614095001552313,0.005047285330610527,0.8591501050301158,0.005126682135659618
no_bn,15,0.7556038497361068,0.003603239029482581,0.7524206485001736,0.0029706018741522907
no_bn,30,0.8011797578391804,0.0026030765372560515,0.7982875133352039,0.0021764632678723385
no_skip,15,0.785904998447687,0.008262622210326065,0.7830957078819226,0.00806558361253975
no_skip,30,0.8417261719962745,0.006218558687887849,0.8394957210678491,0.0060421244684031195
no_topic,15,0.7773983235020181,0.00897661117342494,0.7744807596345982,0.008426797211836107
no_topic,30,0.8319155541757219,0.006311636482607698,0.8295242165494392,0.006170491486002595
