variant,epochs,accuracy_mean,accuracy_std,macro_f1_mean,macro_f1_std
full,15,0.8443243243243244,0.004251397498116692,0.8298604707299495,0.0042671510461210534
full,30,0.8684684684684685,0.005122739372141751,0.8557682320021239,0.005513919139306058
no_bn,15,0.8305705705705705,0.004321351580800862,0.8152293632716875,0.0040544653126770944
no_bn,30,0.8485585585585586,0.0027453262274955152,0.8343348827017764,0.002668897347684753
no_skip,15,0.8447447447447447,0.005050717174640894,0.8292682325121505,0.0053552894040146065
no_skip,30,0.8686786786786787,0.003956392350085557,0.8554140661245786,0.004170573037966894
no_topic,15,0.8396696696696697,0.007450534572792432,0.8243671306949485,0.007635121230933099
no_topic,30,0.8593093093093094,0.003340629949142229,0.846131227052488,0.003920266992328917
