variant,epochs,accuracy_mean,accuracy_std,macro_f1_mean,macro_f1_std
full,15,0.8535510937968235,0.0027620115156378774,0.8373350484420907,0.00326349152947377
full,30,0.8808810308660473,0.003911530561044856,0.8679225683058542,0.004819424715915071
no_bn,15,0.8461492358405754,0.0036013471041458833,0.8292214634464015,0.003839559546413819
no_bn,30,0.8607132154629907,0.0021831762329701998,0.8460322461524976,0.0026715246199418424
no_skip,15,0.8564578963140546,0.0012355725578716355,0.8399177665662962,0.0016258733845557721
no_skip,30,0.8742583158525623,0.00423850862457663,0.8609661048664463,0.004523057018478224
no_topic,15,0.848966137249026,0.003342029970511736,0.8317434516351312,0.004530202801882139
no_topic,30,0.8724902607132154,0.0026866078928739893,0.8589482508187949,0.002972949746772752
